# Generated by scripts/build_cazy_predicate_map.py; edit the proposals, not this file.
# Swiss-Prot 2026_03 (uniprot_sprot.dat.gz sha256 c87208822a56e8ae; 3,231 reviewed proteins with CAZy); go-basic.obo sha256 b08d45b268b8c24c
# family	predicates	evidence
AA1	auxiliary_activity,carbohydrate_active,oxidoreductase	auxiliary_activity=class:AA;carbohydrate_active=class:AA;oxidoreductase=class:AA
AA10	auxiliary_activity,carbohydrate_active,oxidoreductase	auxiliary_activity=class:AA;carbohydrate_active=class:AA;oxidoreductase=class:AA
AA11	auxiliary_activity,carbohydrate_active,oxidoreductase	auxiliary_activity=class:AA;carbohydrate_active=class:AA;oxidoreductase=class:AA
AA12	auxiliary_activity,carbohydrate_active,oxidoreductase	auxiliary_activity=class:AA;carbohydrate_active=class:AA;oxidoreductase=class:AA
AA13	auxiliary_activity,carbohydrate_active,oxidoreductase	auxiliary_activity=class:AA;carbohydrate_active=class:AA;oxidoreductase=class:AA
AA14	auxiliary_activity,carbohydrate_active,oxidoreductase	auxiliary_activity=class:AA;carbohydrate_active=class:AA;oxidoreductase=class:AA
AA15	auxiliary_activity,carbohydrate_active,oxidoreductase	auxiliary_activity=class:AA;carbohydrate_active=class:AA;oxidoreductase=class:AA
AA16	auxiliary_activity,carbohydrate_active,oxidoreductase	auxiliary_activity=class:AA;carbohydrate_active=class:AA;oxidoreductase=class:AA
AA17	auxiliary_activity,carbohydrate_active,oxidoreductase	auxiliary_activity=class:AA;carbohydrate_active=class:AA;oxidoreductase=class:AA
AA2	auxiliary_activity,carbohydrate_active,oxidoreductase,peroxidase	auxiliary_activity=class:AA;carbohydrate_active=class:AA;oxidoreductase=class:AA;peroxidase=swissprot:12/12 single-domain 12/12
AA3	auxiliary_activity,carbohydrate_active,oxidoreductase	auxiliary_activity=class:AA;carbohydrate_active=class:AA;oxidoreductase=class:AA
AA4	auxiliary_activity,carbohydrate_active,oxidoreductase	auxiliary_activity=class:AA;carbohydrate_active=class:AA;oxidoreductase=class:AA
AA5	auxiliary_activity,carbohydrate_active,oxidoreductase	auxiliary_activity=class:AA;carbohydrate_active=class:AA;oxidoreductase=class:AA
AA6	auxiliary_activity,carbohydrate_active,oxidoreductase	auxiliary_activity=class:AA;carbohydrate_active=class:AA;oxidoreductase=class:AA
AA7	auxiliary_activity,carbohydrate_active,oxidoreductase	auxiliary_activity=class:AA;carbohydrate_active=class:AA;oxidoreductase=class:AA
AA8	auxiliary_activity,carbohydrate_active,oxidoreductase	auxiliary_activity=class:AA;carbohydrate_active=class:AA;oxidoreductase=class:AA
AA9	auxiliary_activity,carbohydrate_active,lytic_polysaccharide_monooxygenase,monooxygenase,oxidoreductase,oxygenase	auxiliary_activity=class:AA;carbohydrate_active=class:AA;lytic_polysaccharide_monooxygenase=swissprot:28/28 single-domain 28/28;monooxygenase=swissprot:28/28 single-domain 28/28;oxidoreductase=class:AA;oxygenase=swissprot:28/28 single-domain 28/28
CBM1	carbohydrate_active,carbohydrate_binding	carbohydrate_active=class:CBM;carbohydrate_binding=class:CBM
CBM10	carbohydrate_active,carbohydrate_binding	carbohydrate_active=class:CBM;carbohydrate_binding=class:CBM
CBM101	carbohydrate_active,carbohydrate_binding	carbohydrate_active=class:CBM;carbohydrate_binding=class:CBM
CBM104	carbohydrate_active,carbohydrate_binding	carbohydrate_active=class:CBM;carbohydrate_binding=class:CBM
CBM11	carbohydrate_active,carbohydrate_binding	carbohydrate_active=class:CBM;carbohydrate_binding=class:CBM
CBM12	carbohydrate_active,carbohydrate_binding	carbohydrate_active=class:CBM;carbohydrate_binding=class:CBM
CBM13	carbohydrate_active,carbohydrate_binding	carbohydrate_active=class:CBM;carbohydrate_binding=class:CBM
CBM14	carbohydrate_active,carbohydrate_binding	carbohydrate_active=class:CBM;carbohydrate_binding=class:CBM
CBM15	carbohydrate_active,carbohydrate_binding	carbohydrate_active=class:CBM;carbohydrate_binding=class:CBM
CBM16	carbohydrate_active,carbohydrate_binding	carbohydrate_active=class:CBM;carbohydrate_binding=class:CBM
CBM17	carbohydrate_active,carbohydrate_binding	carbohydrate_active=class:CBM;carbohydrate_binding=class:CBM
CBM18	carbohydrate_active,carbohydrate_binding	carbohydrate_active=class:CBM;carbohydrate_binding=class:CBM
CBM19	carbohydrate_active,carbohydrate_binding	carbohydrate_active=class:CBM;carbohydrate_binding=class:CBM
CBM2	carbohydrate_active,carbohydrate_binding	carbohydrate_active=class:CBM;carbohydrate_binding=class:CBM
CBM20	carbohydrate_active,carbohydrate_binding	carbohydrate_active=class:CBM;carbohydrate_binding=class:CBM
CBM21	carbohydrate_active,carbohydrate_binding	carbohydrate_active=class:CBM;carbohydrate_binding=class:CBM
CBM22	carbohydrate_active,carbohydrate_binding	carbohydrate_active=class:CBM;carbohydrate_binding=class:CBM
CBM23	carbohydrate_active,carbohydrate_binding	carbohydrate_active=class:CBM;carbohydrate_binding=class:CBM
CBM25	carbohydrate_active,carbohydrate_binding	carbohydrate_active=class:CBM;carbohydrate_binding=class:CBM
CBM26	carbohydrate_active,carbohydrate_binding	carbohydrate_active=class:CBM;carbohydrate_binding=class:CBM
CBM28	carbohydrate_active,carbohydrate_binding	carbohydrate_active=class:CBM;carbohydrate_binding=class:CBM
CBM3	carbohydrate_active,carbohydrate_binding	carbohydrate_active=class:CBM;carbohydrate_binding=class:CBM
CBM31	carbohydrate_active,carbohydrate_binding	carbohydrate_active=class:CBM;carbohydrate_binding=class:CBM
CBM32	carbohydrate_active,carbohydrate_binding	carbohydrate_active=class:CBM;carbohydrate_binding=class:CBM
CBM33	carbohydrate_active,carbohydrate_binding	carbohydrate_active=class:CBM;carbohydrate_binding=class:CBM
CBM34	carbohydrate_active,carbohydrate_binding	carbohydrate_active=class:CBM;carbohydrate_binding=class:CBM
CBM35	carbohydrate_active,carbohydrate_binding	carbohydrate_active=class:CBM;carbohydrate_binding=class:CBM
CBM36	carbohydrate_active,carbohydrate_binding	carbohydrate_active=class:CBM;carbohydrate_binding=class:CBM
CBM4	carbohydrate_active,carbohydrate_binding	carbohydrate_active=class:CBM;carbohydrate_binding=class:CBM
CBM40	carbohydrate_active,carbohydrate_binding	carbohydrate_active=class:CBM;carbohydrate_binding=class:CBM
CBM41	carbohydrate_active,carbohydrate_binding	carbohydrate_active=class:CBM;carbohydrate_binding=class:CBM
CBM42	carbohydrate_active,carbohydrate_binding	carbohydrate_active=class:CBM;carbohydrate_binding=class:CBM
CBM43	carbohydrate_active,carbohydrate_binding	carbohydrate_active=class:CBM;carbohydrate_binding=class:CBM
CBM45	carbohydrate_active,carbohydrate_binding	carbohydrate_active=class:CBM;carbohydrate_binding=class:CBM
CBM46	carbohydrate_active,carbohydrate_binding	carbohydrate_active=class:CBM;carbohydrate_binding=class:CBM
CBM48	carbohydrate_active,carbohydrate_binding	carbohydrate_active=class:CBM;carbohydrate_binding=class:CBM
CBM49	carbohydrate_active,carbohydrate_binding	carbohydrate_active=class:CBM;carbohydrate_binding=class:CBM
CBM5	carbohydrate_active,carbohydrate_binding	carbohydrate_active=class:CBM;carbohydrate_binding=class:CBM
CBM50	carbohydrate_active,carbohydrate_binding	carbohydrate_active=class:CBM;carbohydrate_binding=class:CBM
CBM51	carbohydrate_active,carbohydrate_binding	carbohydrate_active=class:CBM;carbohydrate_binding=class:CBM
CBM52	carbohydrate_active,carbohydrate_binding	carbohydrate_active=class:CBM;carbohydrate_binding=class:CBM
CBM53	carbohydrate_active,carbohydrate_binding	carbohydrate_active=class:CBM;carbohydrate_binding=class:CBM
CBM54	carbohydrate_active,carbohydrate_binding	carbohydrate_active=class:CBM;carbohydrate_binding=class:CBM
CBM56	carbohydrate_active,carbohydrate_binding	carbohydrate_active=class:CBM;carbohydrate_binding=class:CBM
CBM57	carbohydrate_active,carbohydrate_binding	carbohydrate_active=class:CBM;carbohydrate_binding=class:CBM
CBM58	carbohydrate_active,carbohydrate_binding	carbohydrate_active=class:CBM;carbohydrate_binding=class:CBM
CBM59	carbohydrate_active,carbohydrate_binding	carbohydrate_active=class:CBM;carbohydrate_binding=class:CBM
CBM6	carbohydrate_active,carbohydrate_binding	carbohydrate_active=class:CBM;carbohydrate_binding=class:CBM
CBM60	carbohydrate_active,carbohydrate_binding	carbohydrate_active=class:CBM;carbohydrate_binding=class:CBM
CBM61	carbohydrate_active,carbohydrate_binding	carbohydrate_active=class:CBM;carbohydrate_binding=class:CBM
CBM63	carbohydrate_active,carbohydrate_binding	carbohydrate_active=class:CBM;carbohydrate_binding=class:CBM
CBM66	carbohydrate_active,carbohydrate_binding	carbohydrate_active=class:CBM;carbohydrate_binding=class:CBM
CBM67	carbohydrate_active,carbohydrate_binding	carbohydrate_active=class:CBM;carbohydrate_binding=class:CBM
CBM68	carbohydrate_active,carbohydrate_binding	carbohydrate_active=class:CBM;carbohydrate_binding=class:CBM
CBM70	carbohydrate_active,carbohydrate_binding	carbohydrate_active=class:CBM;carbohydrate_binding=class:CBM
CBM73	carbohydrate_active,carbohydrate_binding	carbohydrate_active=class:CBM;carbohydrate_binding=class:CBM
CBM8	carbohydrate_active,carbohydrate_binding	carbohydrate_active=class:CBM;carbohydrate_binding=class:CBM
CBM9	carbohydrate_active,carbohydrate_binding	carbohydrate_active=class:CBM;carbohydrate_binding=class:CBM
CBM90	carbohydrate_active,carbohydrate_binding	carbohydrate_active=class:CBM;carbohydrate_binding=class:CBM
CBM91	carbohydrate_active,carbohydrate_binding	carbohydrate_active=class:CBM;carbohydrate_binding=class:CBM
CBM92	carbohydrate_active,carbohydrate_binding	carbohydrate_active=class:CBM;carbohydrate_binding=class:CBM
CBM93	carbohydrate_active,carbohydrate_binding	carbohydrate_active=class:CBM;carbohydrate_binding=class:CBM
CBM94	carbohydrate_active,carbohydrate_binding	carbohydrate_active=class:CBM;carbohydrate_binding=class:CBM
CBM95	carbohydrate_active,carbohydrate_binding	carbohydrate_active=class:CBM;carbohydrate_binding=class:CBM
CBM99	carbohydrate_active,carbohydrate_binding	carbohydrate_active=class:CBM;carbohydrate_binding=class:CBM
CE1	carbohydrate_active,carbohydrate_esterase,hydrolase	carbohydrate_active=class:CE;carbohydrate_esterase=class:CE;hydrolase=class:CE
CE10	carbohydrate_active,carbohydrate_esterase,hydrolase	carbohydrate_active=class:CE;carbohydrate_esterase=class:CE;hydrolase=class:CE
CE11	carbohydrate_active,carbohydrate_esterase,hydrolase	carbohydrate_active=class:CE;carbohydrate_esterase=class:CE;hydrolase=class:CE
CE12	carbohydrate_active,carbohydrate_esterase,hydrolase	carbohydrate_active=class:CE;carbohydrate_esterase=class:CE;hydrolase=class:CE
CE14	carbohydrate_active,carbohydrate_esterase,hydrolase	carbohydrate_active=class:CE;carbohydrate_esterase=class:CE;hydrolase=class:CE
CE15	carbohydrate_active,carbohydrate_esterase,hydrolase	carbohydrate_active=class:CE;carbohydrate_esterase=class:CE;hydrolase=class:CE
CE16	carbohydrate_active,carbohydrate_esterase,hydrolase	carbohydrate_active=class:CE;carbohydrate_esterase=class:CE;hydrolase=class:CE
CE2	carbohydrate_active,carbohydrate_esterase,hydrolase	carbohydrate_active=class:CE;carbohydrate_esterase=class:CE;hydrolase=class:CE
CE3	carbohydrate_active,carbohydrate_esterase,hydrolase	carbohydrate_active=class:CE;carbohydrate_esterase=class:CE;hydrolase=class:CE
CE4	carbohydrate_active,carbohydrate_esterase,hydrolase	carbohydrate_active=class:CE;carbohydrate_esterase=class:CE;hydrolase=class:CE
CE5	carbohydrate_active,carbohydrate_esterase,hydrolase	carbohydrate_active=class:CE;carbohydrate_esterase=class:CE;hydrolase=class:CE
CE6	carbohydrate_active,carbohydrate_esterase,hydrolase	carbohydrate_active=class:CE;carbohydrate_esterase=class:CE;hydrolase=class:CE
CE7	carbohydrate_active,carbohydrate_esterase,hydrolase	carbohydrate_active=class:CE;carbohydrate_esterase=class:CE;hydrolase=class:CE
CE8	carbohydrate_active,carbohydrate_esterase,hydrolase	carbohydrate_active=class:CE;carbohydrate_esterase=class:CE;hydrolase=class:CE
CE9	carbohydrate_active,carbohydrate_esterase,hydrolase	carbohydrate_active=class:CE;carbohydrate_esterase=class:CE;hydrolase=class:CE
GH1	carbohydrate_active,glycosidase,glycoside_hydrolase,hydrolase	carbohydrate_active=class:GH;glycosidase=swissprot:88/90 single-domain 88/90;glycoside_hydrolase=class:GH;hydrolase=class:GH
GH10	carbohydrate_active,glycosidase,glycoside_hydrolase,hydrolase,xylanase	carbohydrate_active=class:GH;glycosidase=swissprot:66/66 single-domain 64/64;glycoside_hydrolase=class:GH;hydrolase=class:GH;xylanase=swissprot:64/66 single-domain 63/64
GH100	carbohydrate_active,glycoside_hydrolase,hydrolase	carbohydrate_active=class:GH;glycoside_hydrolase=class:GH;hydrolase=class:GH
GH101	carbohydrate_active,glycoside_hydrolase,hydrolase	carbohydrate_active=class:GH;glycoside_hydrolase=class:GH;hydrolase=class:GH
GH102	carbohydrate_active,glycoside_hydrolase,hydrolase	carbohydrate_active=class:GH;glycoside_hydrolase=class:GH;hydrolase=class:GH
GH103	carbohydrate_active,glycoside_hydrolase,hydrolase	carbohydrate_active=class:GH;glycoside_hydrolase=class:GH;hydrolase=class:GH
GH104	carbohydrate_active,glycoside_hydrolase,hydrolase	carbohydrate_active=class:GH;glycoside_hydrolase=class:GH;hydrolase=class:GH
GH105	carbohydrate_active,glycosidase,glycoside_hydrolase,hydrolase	carbohydrate_active=class:GH;glycosidase=swissprot:5/5 single-domain 5/5;glycoside_hydrolase=class:GH;hydrolase=class:GH
GH106	carbohydrate_active,glycoside_hydrolase,hydrolase	carbohydrate_active=class:GH;glycoside_hydrolase=class:GH;hydrolase=class:GH
GH108	carbohydrate_active,glycoside_hydrolase,hydrolase	carbohydrate_active=class:GH;glycoside_hydrolase=class:GH;hydrolase=class:GH
GH109	carbohydrate_active,glycosidase,glycoside_hydrolase,hydrolase	carbohydrate_active=class:GH;glycosidase=swissprot:7/7 single-domain 7/7;glycoside_hydrolase=class:GH;hydrolase=class:GH
GH11	carbohydrate_active,glycosidase,glycoside_hydrolase,hydrolase,xylanase	carbohydrate_active=class:GH;glycosidase=swissprot:69/69 single-domain 67/67;glycoside_hydrolase=class:GH;hydrolase=class:GH;xylanase=swissprot:69/69 single-domain 67/67
GH110	carbohydrate_active,glycosidase,glycoside_hydrolase,hydrolase	carbohydrate_active=class:GH;glycosidase=swissprot:8/8 single-domain 8/8;glycoside_hydrolase=class:GH;hydrolase=class:GH
GH112	carbohydrate_active,glycoside_hydrolase,hydrolase	carbohydrate_active=class:GH;glycoside_hydrolase=class:GH;hydrolase=class:GH
GH113	carbohydrate_active,glycoside_hydrolase,hydrolase	carbohydrate_active=class:GH;glycoside_hydrolase=class:GH;hydrolase=class:GH
GH115	carbohydrate_active,glycoside_hydrolase,hydrolase	carbohydrate_active=class:GH;glycoside_hydrolase=class:GH;hydrolase=class:GH
GH116	carbohydrate_active,glycoside_hydrolase,hydrolase	carbohydrate_active=class:GH;glycoside_hydrolase=class:GH;hydrolase=class:GH
GH117	carbohydrate_active,glycoside_hydrolase,hydrolase	carbohydrate_active=class:GH;glycoside_hydrolase=class:GH;hydrolase=class:GH
GH119	carbohydrate_active,glycoside_hydrolase,hydrolase	carbohydrate_active=class:GH;glycoside_hydrolase=class:GH;hydrolase=class:GH
GH12	carbohydrate_active,glycosidase,glycoside_hydrolase,hydrolase	carbohydrate_active=class:GH;glycosidase=swissprot:14/14 single-domain 14/14;glycoside_hydrolase=class:GH;hydrolase=class:GH
GH120	carbohydrate_active,glycoside_hydrolase,hydrolase	carbohydrate_active=class:GH;glycoside_hydrolase=class:GH;hydrolase=class:GH
GH121	carbohydrate_active,glycoside_hydrolase,hydrolase	carbohydrate_active=class:GH;glycoside_hydrolase=class:GH;hydrolase=class:GH
GH123	carbohydrate_active,glycoside_hydrolase,hydrolase	carbohydrate_active=class:GH;glycoside_hydrolase=class:GH;hydrolase=class:GH
GH125	carbohydrate_active,glycoside_hydrolase,hydrolase	carbohydrate_active=class:GH;glycoside_hydrolase=class:GH;hydrolase=class:GH
GH127	carbohydrate_active,glycoside_hydrolase,hydrolase	carbohydrate_active=class:GH;glycoside_hydrolase=class:GH;hydrolase=class:GH
GH128	carbohydrate_active,glycoside_hydrolase,hydrolase	carbohydrate_active=class:GH;glycoside_hydrolase=class:GH;hydrolase=class:GH
GH129	carbohydrate_active,glycoside_hydrolase,hydrolase	carbohydrate_active=class:GH;glycoside_hydrolase=class:GH;hydrolase=class:GH
GH13	carbohydrate_active,glycoside_hydrolase,hydrolase	carbohydrate_active=class:GH;glycoside_hydrolase=class:GH;hydrolase=class:GH
GH130	carbohydrate_active,glycoside_hydrolase,glycosyltransferase,hydrolase,transferase	carbohydrate_active=class:GH;glycoside_hydrolase=class:GH;glycosyltransferase=swissprot:7/7 single-domain 7/7;hydrolase=class:GH;transferase=swissprot:7/7 single-domain 7/7
GH131	carbohydrate_active,glycoside_hydrolase,hydrolase	carbohydrate_active=class:GH;glycoside_hydrolase=class:GH;hydrolase=class:GH
GH132	carbohydrate_active,glycoside_hydrolase,hydrolase	carbohydrate_active=class:GH;glycoside_hydrolase=class:GH;hydrolase=class:GH
GH133	carbohydrate_active,glycoside_hydrolase,hydrolase	carbohydrate_active=class:GH;glycoside_hydrolase=class:GH;hydrolase=class:GH
GH136	carbohydrate_active,glycoside_hydrolase,hydrolase	carbohydrate_active=class:GH;glycoside_hydrolase=class:GH;hydrolase=class:GH
GH14	amylase,carbohydrate_active,glycosidase,glycoside_hydrolase,hydrolase	amylase=swissprot:16/16 single-domain 15/15;carbohydrate_active=class:GH;glycosidase=swissprot:16/16 single-domain 15/15;glycoside_hydrolase=class:GH;hydrolase=class:GH
GH144	carbohydrate_active,glycoside_hydrolase,hydrolase	carbohydrate_active=class:GH;glycoside_hydrolase=class:GH;hydrolase=class:GH
GH15	carbohydrate_active,glycosidase,glycoside_hydrolase,hydrolase	carbohydrate_active=class:GH;glycosidase=swissprot:21/21 single-domain 21/21;glycoside_hydrolase=class:GH;hydrolase=class:GH
GH150	carbohydrate_active,glycoside_hydrolase,hydrolase	carbohydrate_active=class:GH;glycoside_hydrolase=class:GH;hydrolase=class:GH
GH153	carbohydrate_active,glycoside_hydrolase,hydrolase	carbohydrate_active=class:GH;glycoside_hydrolase=class:GH;hydrolase=class:GH
GH16	carbohydrate_active,glycosidase,glycoside_hydrolase,hydrolase	carbohydrate_active=class:GH;glycosidase=swissprot:40/48 single-domain 39/47;glycoside_hydrolase=class:GH;hydrolase=class:GH
GH17	carbohydrate_active,glycosidase,glycoside_hydrolase,hydrolase	carbohydrate_active=class:GH;glycosidase=swissprot:19/19 single-domain 19/19;glycoside_hydrolase=class:GH;hydrolase=class:GH
GH170	carbohydrate_active,glycoside_hydrolase,hydrolase	carbohydrate_active=class:GH;glycoside_hydrolase=class:GH;hydrolase=class:GH
GH171	carbohydrate_active,glycoside_hydrolase,hydrolase	carbohydrate_active=class:GH;glycoside_hydrolase=class:GH;hydrolase=class:GH
GH178	carbohydrate_active,glycoside_hydrolase,hydrolase	carbohydrate_active=class:GH;glycoside_hydrolase=class:GH;hydrolase=class:GH
GH18	carbohydrate_active,chitinase,glycosidase,glycoside_hydrolase,hydrolase	carbohydrate_active=class:GH;chitinase=swissprot:57/70 single-domain 57/70;glycosidase=swissprot:69/70 single-domain 69/70;glycoside_hydrolase=class:GH;hydrolase=class:GH
GH186	carbohydrate_active,glycoside_hydrolase,hydrolase	carbohydrate_active=class:GH;glycoside_hydrolase=class:GH;hydrolase=class:GH
GH19	carbohydrate_active,chitinase,glycosidase,glycoside_hydrolase,hydrolase	carbohydrate_active=class:GH;chitinase=swissprot:33/33 single-domain 33/33;glycosidase=swissprot:33/33 single-domain 33/33;glycoside_hydrolase=class:GH;hydrolase=class:GH
GH2	carbohydrate_active,glycosidase,glycoside_hydrolase,hydrolase	carbohydrate_active=class:GH;glycosidase=swissprot:50/50 single-domain 50/50;glycoside_hydrolase=class:GH;hydrolase=class:GH
GH20	carbohydrate_active,glycosidase,glycoside_hydrolase,hydrolase	carbohydrate_active=class:GH;glycosidase=swissprot:31/31 single-domain 31/31;glycoside_hydrolase=class:GH;hydrolase=class:GH
GH22	carbohydrate_active,glycosidase,glycoside_hydrolase,hydrolase,lysozyme	carbohydrate_active=class:GH;glycosidase=swissprot:61/61 single-domain 61/61;glycoside_hydrolase=class:GH;hydrolase=class:GH;lysozyme=swissprot:61/61 single-domain 61/61
GH23	carbohydrate_active,glycoside_hydrolase,hydrolase	carbohydrate_active=class:GH;glycoside_hydrolase=class:GH;hydrolase=class:GH
GH24	carbohydrate_active,glycosidase,glycoside_hydrolase,hydrolase,lysozyme	carbohydrate_active=class:GH;glycosidase=swissprot:7/7 single-domain 7/7;glycoside_hydrolase=class:GH;hydrolase=class:GH;lysozyme=swissprot:7/7 single-domain 7/7
GH25	carbohydrate_active,glycosidase,glycoside_hydrolase,hydrolase,lysozyme	carbohydrate_active=class:GH;glycosidase=swissprot:9/9 single-domain 9/9;glycoside_hydrolase=class:GH;hydrolase=class:GH;lysozyme=swissprot:9/9 single-domain 9/9
GH26	carbohydrate_active,glycosidase,glycoside_hydrolase,hydrolase	carbohydrate_active=class:GH;glycosidase=swissprot:15/15 single-domain 14/14;glycoside_hydrolase=class:GH;hydrolase=class:GH
GH27	carbohydrate_active,glycosidase,glycoside_hydrolase,hydrolase	carbohydrate_active=class:GH;glycosidase=swissprot:23/23 single-domain 23/23;glycoside_hydrolase=class:GH;hydrolase=class:GH
GH28	carbohydrate_active,glycosidase,glycoside_hydrolase,hydrolase	carbohydrate_active=class:GH;glycosidase=swissprot:62/62 single-domain 62/62;glycoside_hydrolase=class:GH;hydrolase=class:GH
GH29	carbohydrate_active,glycosidase,glycoside_hydrolase,hydrolase	carbohydrate_active=class:GH;glycosidase=swissprot:6/6 single-domain 6/6;glycoside_hydrolase=class:GH;hydrolase=class:GH
GH3	carbohydrate_active,glycosidase,glycoside_hydrolase,hydrolase	carbohydrate_active=class:GH;glycosidase=swissprot:50/50 single-domain 50/50;glycoside_hydrolase=class:GH;hydrolase=class:GH
GH30	carbohydrate_active,glycosidase,glycoside_hydrolase,hydrolase	carbohydrate_active=class:GH;glycosidase=swissprot:9/9 single-domain 9/9;glycoside_hydrolase=class:GH;hydrolase=class:GH
GH31	carbohydrate_active,glycosidase,glycoside_hydrolase,hydrolase	carbohydrate_active=class:GH;glycosidase=swissprot:40/43 single-domain 40/43;glycoside_hydrolase=class:GH;hydrolase=class:GH
GH32	carbohydrate_active,glycosidase,glycoside_hydrolase,hydrolase	carbohydrate_active=class:GH;glycosidase=swissprot:42/45 single-domain 42/45;glycoside_hydrolase=class:GH;hydrolase=class:GH
GH33	carbohydrate_active,glycosidase,glycoside_hydrolase,hydrolase	carbohydrate_active=class:GH;glycosidase=swissprot:22/23 single-domain 22/23;glycoside_hydrolase=class:GH;hydrolase=class:GH
GH34	carbohydrate_active,glycosidase,glycoside_hydrolase,hydrolase	carbohydrate_active=class:GH;glycosidase=swissprot:12/12 single-domain 12/12;glycoside_hydrolase=class:GH;hydrolase=class:GH
GH35	carbohydrate_active,glycosidase,glycoside_hydrolase,hydrolase	carbohydrate_active=class:GH;glycosidase=swissprot:26/27 single-domain 26/27;glycoside_hydrolase=class:GH;hydrolase=class:GH
GH36	carbohydrate_active,glycoside_hydrolase,hydrolase	carbohydrate_active=class:GH;glycoside_hydrolase=class:GH;hydrolase=class:GH
GH37	carbohydrate_active,glycosidase,glycoside_hydrolase,hydrolase	carbohydrate_active=class:GH;glycosidase=swissprot:17/17 single-domain 17/17;glycoside_hydrolase=class:GH;hydrolase=class:GH
GH38	carbohydrate_active,glycosidase,glycoside_hydrolase,hydrolase	carbohydrate_active=class:GH;glycosidase=swissprot:21/21 single-domain 21/21;glycoside_hydrolase=class:GH;hydrolase=class:GH
GH39	carbohydrate_active,glycosidase,glycoside_hydrolase,hydrolase	carbohydrate_active=class:GH;glycosidase=swissprot:9/9 single-domain 9/9;glycoside_hydrolase=class:GH;hydrolase=class:GH
GH4	carbohydrate_active,glycosidase,glycoside_hydrolase,hydrolase	carbohydrate_active=class:GH;glycosidase=swissprot:17/17 single-domain 17/17;glycoside_hydrolase=class:GH;hydrolase=class:GH
GH42	carbohydrate_active,glycosidase,glycoside_hydrolase,hydrolase	carbohydrate_active=class:GH;glycosidase=swissprot:22/22 single-domain 22/22;glycoside_hydrolase=class:GH;hydrolase=class:GH
GH43	carbohydrate_active,glycosidase,glycoside_hydrolase,hydrolase	carbohydrate_active=class:GH;glycosidase=swissprot:30/30 single-domain 30/30;glycoside_hydrolase=class:GH;hydrolase=class:GH
GH44	carbohydrate_active,glycoside_hydrolase,hydrolase	carbohydrate_active=class:GH;glycoside_hydrolase=class:GH;hydrolase=class:GH
GH45	carbohydrate_active,cellulase,glycosidase,glycoside_hydrolase,hydrolase	carbohydrate_active=class:GH;cellulase=swissprot:8/8 single-domain 8/8;glycosidase=swissprot:8/8 single-domain 8/8;glycoside_hydrolase=class:GH;hydrolase=class:GH
GH46	carbohydrate_active,glycoside_hydrolase,hydrolase	carbohydrate_active=class:GH;glycoside_hydrolase=class:GH;hydrolase=class:GH
GH47	carbohydrate_active,glycosidase,glycoside_hydrolase,hydrolase	carbohydrate_active=class:GH;glycosidase=swissprot:24/25 single-domain 24/25;glycoside_hydrolase=class:GH;hydrolase=class:GH
GH48	carbohydrate_active,cellulase,glycosidase,glycoside_hydrolase,hydrolase	carbohydrate_active=class:GH;cellulase=swissprot:5/5 single-domain 5/5;glycosidase=swissprot:5/5 single-domain 5/5;glycoside_hydrolase=class:GH;hydrolase=class:GH
GH49	carbohydrate_active,glycoside_hydrolase,hydrolase	carbohydrate_active=class:GH;glycoside_hydrolase=class:GH;hydrolase=class:GH
GH5	carbohydrate_active,glycosidase,glycoside_hydrolase,hydrolase	carbohydrate_active=class:GH;glycosidase=swissprot:99/99 single-domain 96/96;glycoside_hydrolase=class:GH;hydrolase=class:GH
GH50	carbohydrate_active,glycoside_hydrolase,hydrolase	carbohydrate_active=class:GH;glycoside_hydrolase=class:GH;hydrolase=class:GH
GH51	carbohydrate_active,glycosidase,glycoside_hydrolase,hydrolase	carbohydrate_active=class:GH;glycosidase=swissprot:15/15 single-domain 15/15;glycoside_hydrolase=class:GH;hydrolase=class:GH
GH52	carbohydrate_active,glycoside_hydrolase,hydrolase	carbohydrate_active=class:GH;glycoside_hydrolase=class:GH;hydrolase=class:GH
GH53	carbohydrate_active,glycosidase,glycoside_hydrolase,hydrolase	carbohydrate_active=class:GH;glycosidase=swissprot:10/10 single-domain 10/10;glycoside_hydrolase=class:GH;hydrolase=class:GH
GH54	carbohydrate_active,glycosidase,glycoside_hydrolase,hydrolase	carbohydrate_active=class:GH;glycosidase=swissprot:7/7 single-domain 7/7;glycoside_hydrolase=class:GH;hydrolase=class:GH
GH55	carbohydrate_active,glycoside_hydrolase,hydrolase	carbohydrate_active=class:GH;glycoside_hydrolase=class:GH;hydrolase=class:GH
GH56	carbohydrate_active,enzyme,glycosidase,glycoside_hydrolase,hydrolase	carbohydrate_active=class:GH;enzyme=swissprot:21/25 single-domain 21/25;glycosidase=swissprot:25/25 single-domain 25/25;glycoside_hydrolase=class:GH;hydrolase=class:GH
GH57	carbohydrate_active,glycoside_hydrolase,hydrolase	carbohydrate_active=class:GH;glycoside_hydrolase=class:GH;hydrolase=class:GH
GH58	carbohydrate_active,glycoside_hydrolase,hydrolase	carbohydrate_active=class:GH;glycoside_hydrolase=class:GH;hydrolase=class:GH
GH59	carbohydrate_active,glycoside_hydrolase,hydrolase	carbohydrate_active=class:GH;glycoside_hydrolase=class:GH;hydrolase=class:GH
GH6	carbohydrate_active,cellulase,glycosidase,glycoside_hydrolase,hydrolase	carbohydrate_active=class:GH;cellulase=swissprot:15/15 single-domain 15/15;glycosidase=swissprot:15/15 single-domain 15/15;glycoside_hydrolase=class:GH;hydrolase=class:GH
GH62	carbohydrate_active,glycosidase,glycoside_hydrolase,hydrolase	carbohydrate_active=class:GH;glycosidase=swissprot:10/10 single-domain 10/10;glycoside_hydrolase=class:GH;hydrolase=class:GH
GH63	carbohydrate_active,enzyme,glycosidase,glycoside_hydrolase,hydrolase	carbohydrate_active=class:GH;enzyme=swissprot:9/10 single-domain 9/10;glycosidase=swissprot:10/10 single-domain 10/10;glycoside_hydrolase=class:GH;hydrolase=class:GH
GH64	carbohydrate_active,glycoside_hydrolase,hydrolase	carbohydrate_active=class:GH;glycoside_hydrolase=class:GH;hydrolase=class:GH
GH65	carbohydrate_active,glycoside_hydrolase,hydrolase	carbohydrate_active=class:GH;glycoside_hydrolase=class:GH;hydrolase=class:GH
GH66	carbohydrate_active,glycoside_hydrolase,hydrolase	carbohydrate_active=class:GH;glycoside_hydrolase=class:GH;hydrolase=class:GH
GH67	carbohydrate_active,glycosidase,glycoside_hydrolase,hydrolase	carbohydrate_active=class:GH;glycosidase=swissprot:6/6 single-domain 6/6;glycoside_hydrolase=class:GH;hydrolase=class:GH
GH68	carbohydrate_active,glycoside_hydrolase,glycosyltransferase,hydrolase,transferase	carbohydrate_active=class:GH;glycoside_hydrolase=class:GH;glycosyltransferase=swissprot:17/20 single-domain 17/20;hydrolase=class:GH;transferase=swissprot:17/20 single-domain 17/20
GH7	carbohydrate_active,cellulase,glycosidase,glycoside_hydrolase,hydrolase	carbohydrate_active=class:GH;cellulase=swissprot:27/27 single-domain 27/27;glycosidase=swissprot:27/27 single-domain 27/27;glycoside_hydrolase=class:GH;hydrolase=class:GH
GH70	carbohydrate_active,glycoside_hydrolase,glycosyltransferase,hydrolase,transferase	carbohydrate_active=class:GH;glycoside_hydrolase=class:GH;glycosyltransferase=swissprot:6/6 single-domain 6/6;hydrolase=class:GH;transferase=swissprot:6/6 single-domain 6/6
GH71	carbohydrate_active,glycoside_hydrolase,hydrolase	carbohydrate_active=class:GH;glycoside_hydrolase=class:GH;hydrolase=class:GH
GH72	carbohydrate_active,glycoside_hydrolase,glycosyltransferase,hydrolase,transferase	carbohydrate_active=class:GH;glycoside_hydrolase=class:GH;glycosyltransferase=swissprot:11/13 single-domain 11/13;hydrolase=class:GH;transferase=swissprot:13/13 single-domain 13/13
GH73	carbohydrate_active,glycosidase,glycoside_hydrolase,hydrolase	carbohydrate_active=class:GH;glycosidase=swissprot:12/12 single-domain 12/12;glycoside_hydrolase=class:GH;hydrolase=class:GH
GH74	carbohydrate_active,glycosidase,glycoside_hydrolase,hydrolase	carbohydrate_active=class:GH;glycosidase=swissprot:5/5 single-domain 5/5;glycoside_hydrolase=class:GH;hydrolase=class:GH
GH75	carbohydrate_active,glycoside_hydrolase,hydrolase	carbohydrate_active=class:GH;glycoside_hydrolase=class:GH;hydrolase=class:GH
GH77	carbohydrate_active,glycoside_hydrolase,glycosyltransferase,hydrolase,transferase	carbohydrate_active=class:GH;glycoside_hydrolase=class:GH;glycosyltransferase=swissprot:8/8 single-domain 8/8;hydrolase=class:GH;transferase=swissprot:8/8 single-domain 8/8
GH78	carbohydrate_active,glycoside_hydrolase,hydrolase	carbohydrate_active=class:GH;glycoside_hydrolase=class:GH;hydrolase=class:GH
GH79	carbohydrate_active,glycosidase,glycoside_hydrolase,hydrolase	carbohydrate_active=class:GH;glycosidase=swissprot:9/9 single-domain 9/9;glycoside_hydrolase=class:GH;hydrolase=class:GH
GH8	carbohydrate_active,glycosidase,glycoside_hydrolase,hydrolase	carbohydrate_active=class:GH;glycosidase=swissprot:13/13 single-domain 13/13;glycoside_hydrolase=class:GH;hydrolase=class:GH
GH81	carbohydrate_active,enzyme,glycosidase,glycoside_hydrolase,hydrolase	carbohydrate_active=class:GH;enzyme=swissprot:9/9 single-domain 9/9;glycosidase=swissprot:9/9 single-domain 9/9;glycoside_hydrolase=class:GH;hydrolase=class:GH
GH82	carbohydrate_active,glycoside_hydrolase,hydrolase	carbohydrate_active=class:GH;glycoside_hydrolase=class:GH;hydrolase=class:GH
GH83	carbohydrate_active,glycosidase,glycoside_hydrolase,hydrolase	carbohydrate_active=class:GH;glycosidase=swissprot:8/8 single-domain 8/8;glycoside_hydrolase=class:GH;hydrolase=class:GH
GH84	carbohydrate_active,glycosidase,glycoside_hydrolase,hydrolase	carbohydrate_active=class:GH;glycosidase=swissprot:8/8 single-domain 8/8;glycoside_hydrolase=class:GH;hydrolase=class:GH
GH85	carbohydrate_active,glycoside_hydrolase,hydrolase	carbohydrate_active=class:GH;glycoside_hydrolase=class:GH;hydrolase=class:GH
GH86	carbohydrate_active,glycoside_hydrolase,hydrolase	carbohydrate_active=class:GH;glycoside_hydrolase=class:GH;hydrolase=class:GH
GH88	carbohydrate_active,glycosidase,glycoside_hydrolase,hydrolase	carbohydrate_active=class:GH;glycosidase=swissprot:5/5 single-domain 5/5;glycoside_hydrolase=class:GH;hydrolase=class:GH
GH89	carbohydrate_active,glycoside_hydrolase,hydrolase	carbohydrate_active=class:GH;glycoside_hydrolase=class:GH;hydrolase=class:GH
GH9	carbohydrate_active,cellulase,glycosidase,glycoside_hydrolase,hydrolase	carbohydrate_active=class:GH;cellulase=swissprot:20/21 single-domain 20/21;glycosidase=swissprot:21/21 single-domain 21/21;glycoside_hydrolase=class:GH;hydrolase=class:GH
GH90	carbohydrate_active,glycoside_hydrolase,hydrolase	carbohydrate_active=class:GH;glycoside_hydrolase=class:GH;hydrolase=class:GH
GH91	carbohydrate_active,glycoside_hydrolase,hydrolase	carbohydrate_active=class:GH;glycoside_hydrolase=class:GH;hydrolase=class:GH
GH92	carbohydrate_active,glycoside_hydrolase,hydrolase	carbohydrate_active=class:GH;glycoside_hydrolase=class:GH;hydrolase=class:GH
GH94	carbohydrate_active,glycoside_hydrolase,glycosyltransferase,hydrolase,transferase	carbohydrate_active=class:GH;glycoside_hydrolase=class:GH;glycosyltransferase=swissprot:8/8 single-domain 8/8;hydrolase=class:GH;transferase=swissprot:8/8 single-domain 8/8
GH95	carbohydrate_active,glycoside_hydrolase,hydrolase	carbohydrate_active=class:GH;glycoside_hydrolase=class:GH;hydrolase=class:GH
GH96	carbohydrate_active,glycoside_hydrolase,hydrolase	carbohydrate_active=class:GH;glycoside_hydrolase=class:GH;hydrolase=class:GH
GH97	carbohydrate_active,glycoside_hydrolase,hydrolase	carbohydrate_active=class:GH;glycoside_hydrolase=class:GH;hydrolase=class:GH
GH98	carbohydrate_active,glycoside_hydrolase,hydrolase	carbohydrate_active=class:GH;glycoside_hydrolase=class:GH;hydrolase=class:GH
GH99	carbohydrate_active,glycoside_hydrolase,hydrolase	carbohydrate_active=class:GH;glycoside_hydrolase=class:GH;hydrolase=class:GH
GT1	carbohydrate_active,glycosyltransferase,glycosyltransferase_cazy,transferase	carbohydrate_active=class:GT;glycosyltransferase=swissprot:213/215 single-domain 213/215;glycosyltransferase_cazy=class:GT;transferase=class:GT
GT10	carbohydrate_active,enzyme,glycosyltransferase,glycosyltransferase_cazy,transferase	carbohydrate_active=class:GT;enzyme=swissprot:20/24 single-domain 20/24;glycosyltransferase=swissprot:24/24 single-domain 24/24;glycosyltransferase_cazy=class:GT;transferase=class:GT
GT101	carbohydrate_active,glycosyltransferase_cazy,transferase	carbohydrate_active=class:GT;glycosyltransferase_cazy=class:GT;transferase=class:GT
GT104	carbohydrate_active,enzyme,glycosyltransferase,glycosyltransferase_cazy,transferase	carbohydrate_active=class:GT;enzyme=swissprot:5/5 single-domain 5/5;glycosyltransferase=swissprot:5/5 single-domain 5/5;glycosyltransferase_cazy=class:GT;transferase=class:GT
GT105	carbohydrate_active,glycosyltransferase_cazy,transferase	carbohydrate_active=class:GT;glycosyltransferase_cazy=class:GT;transferase=class:GT
GT106	carbohydrate_active,glycosyltransferase_cazy,transferase	carbohydrate_active=class:GT;glycosyltransferase_cazy=class:GT;transferase=class:GT
GT109	carbohydrate_active,glycosyltransferase_cazy,transferase	carbohydrate_active=class:GT;glycosyltransferase_cazy=class:GT;transferase=class:GT
GT11	carbohydrate_active,glycosyltransferase,glycosyltransferase_cazy,transferase	carbohydrate_active=class:GT;glycosyltransferase=swissprot:23/23 single-domain 23/23;glycosyltransferase_cazy=class:GT;transferase=class:GT
GT112	carbohydrate_active,glycosyltransferase_cazy,transferase	carbohydrate_active=class:GT;glycosyltransferase_cazy=class:GT;transferase=class:GT
GT113	carbohydrate_active,glycosyltransferase_cazy,transferase	carbohydrate_active=class:GT;glycosyltransferase_cazy=class:GT;transferase=class:GT
GT116	carbohydrate_active,glycosyltransferase_cazy,transferase	carbohydrate_active=class:GT;glycosyltransferase_cazy=class:GT;transferase=class:GT
GT117	carbohydrate_active,glycosyltransferase_cazy,transferase	carbohydrate_active=class:GT;glycosyltransferase_cazy=class:GT;transferase=class:GT
GT119	carbohydrate_active,glycosyltransferase_cazy,transferase	carbohydrate_active=class:GT;glycosyltransferase_cazy=class:GT;transferase=class:GT
GT12	carbohydrate_active,glycosyltransferase_cazy,transferase	carbohydrate_active=class:GT;glycosyltransferase_cazy=class:GT;transferase=class:GT
GT120	carbohydrate_active,glycosyltransferase_cazy,transferase	carbohydrate_active=class:GT;glycosyltransferase_cazy=class:GT;transferase=class:GT
GT121	carbohydrate_active,glycosyltransferase_cazy,transferase	carbohydrate_active=class:GT;glycosyltransferase_cazy=class:GT;transferase=class:GT
GT13	carbohydrate_active,glycosyltransferase,glycosyltransferase_cazy,transferase	carbohydrate_active=class:GT;glycosyltransferase=swissprot:8/8 single-domain 8/8;glycosyltransferase_cazy=class:GT;transferase=class:GT
GT138	carbohydrate_active,glycosyltransferase_cazy,transferase	carbohydrate_active=class:GT;glycosyltransferase_cazy=class:GT;transferase=class:GT
GT139	carbohydrate_active,glycosyltransferase_cazy,transferase	carbohydrate_active=class:GT;glycosyltransferase_cazy=class:GT;transferase=class:GT
GT14	carbohydrate_active,glycosyltransferase,glycosyltransferase_cazy,transferase	carbohydrate_active=class:GT;glycosyltransferase=swissprot:23/23 single-domain 23/23;glycosyltransferase_cazy=class:GT;transferase=class:GT
GT15	carbohydrate_active,glycosyltransferase,glycosyltransferase_cazy,transferase	carbohydrate_active=class:GT;glycosyltransferase=swissprot:7/7 single-domain 7/7;glycosyltransferase_cazy=class:GT;transferase=class:GT
GT16	carbohydrate_active,glycosyltransferase_cazy,transferase	carbohydrate_active=class:GT;glycosyltransferase_cazy=class:GT;transferase=class:GT
GT17	carbohydrate_active,glycosyltransferase_cazy,transferase	carbohydrate_active=class:GT;glycosyltransferase_cazy=class:GT;transferase=class:GT
GT18	carbohydrate_active,enzyme,glycosyltransferase,glycosyltransferase_cazy,transferase	carbohydrate_active=class:GT;enzyme=swissprot:7/7 single-domain 7/7;glycosyltransferase=swissprot:7/7 single-domain 7/7;glycosyltransferase_cazy=class:GT;transferase=class:GT
GT19	carbohydrate_active,glycosyltransferase_cazy,transferase	carbohydrate_active=class:GT;glycosyltransferase_cazy=class:GT;transferase=class:GT
GT2	carbohydrate_active,glycosyltransferase,glycosyltransferase_cazy,transferase	carbohydrate_active=class:GT;glycosyltransferase=swissprot:138/142 single-domain 137/140;glycosyltransferase_cazy=class:GT;transferase=class:GT
GT20	carbohydrate_active,glycosyltransferase_cazy,transferase	carbohydrate_active=class:GT;glycosyltransferase_cazy=class:GT;transferase=class:GT
GT21	carbohydrate_active,glycosyltransferase,glycosyltransferase_cazy,transferase	carbohydrate_active=class:GT;glycosyltransferase=swissprot:8/8 single-domain 8/8;glycosyltransferase_cazy=class:GT;transferase=class:GT
GT22	biosynthesis,carbohydrate_active,enzyme,glycosyltransferase,glycosyltransferase_cazy,transferase	biosynthesis=swissprot:7/8 single-domain 7/8;carbohydrate_active=class:GT;enzyme=swissprot:7/8 single-domain 7/8;glycosyltransferase=swissprot:8/8 single-domain 8/8;glycosyltransferase_cazy=class:GT;transferase=class:GT
GT23	carbohydrate_active,glycosyltransferase,glycosyltransferase_cazy,transferase	carbohydrate_active=class:GT;glycosyltransferase=swissprot:9/9 single-domain 9/9;glycosyltransferase_cazy=class:GT;transferase=class:GT
GT24	carbohydrate_active,glycosyltransferase,glycosyltransferase_cazy,transferase	carbohydrate_active=class:GT;glycosyltransferase=swissprot:5/5 single-domain 5/5;glycosyltransferase_cazy=class:GT;transferase=class:GT
GT25	carbohydrate_active,glycosyltransferase_cazy,transferase	carbohydrate_active=class:GT;glycosyltransferase_cazy=class:GT;transferase=class:GT
GT26	carbohydrate_active,glycosyltransferase_cazy,transferase	carbohydrate_active=class:GT;glycosyltransferase_cazy=class:GT;transferase=class:GT
GT27	carbohydrate_active,glycosyltransferase,glycosyltransferase_cazy,transferase	carbohydrate_active=class:GT;glycosyltransferase=swissprot:46/46 single-domain 46/46;glycosyltransferase_cazy=class:GT;transferase=class:GT
GT28	carbohydrate_active,glycosyltransferase,glycosyltransferase_cazy,transferase	carbohydrate_active=class:GT;glycosyltransferase=swissprot:10/10 single-domain 10/10;glycosyltransferase_cazy=class:GT;transferase=class:GT
GT29	carbohydrate_active,glycosyltransferase,glycosyltransferase_cazy,transferase	carbohydrate_active=class:GT;glycosyltransferase=swissprot:53/53 single-domain 53/53;glycosyltransferase_cazy=class:GT;transferase=class:GT
GT3	carbohydrate_active,glycosyltransferase,glycosyltransferase_cazy,transferase	carbohydrate_active=class:GT;glycosyltransferase=swissprot:10/10 single-domain 10/10;glycosyltransferase_cazy=class:GT;transferase=class:GT
GT30	carbohydrate_active,glycosyltransferase,glycosyltransferase_cazy,transferase	carbohydrate_active=class:GT;glycosyltransferase=swissprot:7/7 single-domain 7/7;glycosyltransferase_cazy=class:GT;transferase=class:GT
GT31	carbohydrate_active,enzyme,glycosyltransferase,glycosyltransferase_cazy,transferase	carbohydrate_active=class:GT;enzyme=swissprot:40/48 single-domain 36/44;glycosyltransferase=swissprot:47/48 single-domain 43/44;glycosyltransferase_cazy=class:GT;transferase=class:GT
GT32	carbohydrate_active,enzyme,glycosyltransferase,glycosyltransferase_cazy,transferase	carbohydrate_active=class:GT;enzyme=swissprot:8/9 single-domain 8/9;glycosyltransferase=swissprot:9/9 single-domain 9/9;glycosyltransferase_cazy=class:GT;transferase=class:GT
GT33	carbohydrate_active,glycosyltransferase_cazy,transferase	carbohydrate_active=class:GT;glycosyltransferase_cazy=class:GT;transferase=class:GT
GT34	carbohydrate_active,cytoplasmic,enzyme,glycosyltransferase,glycosyltransferase_cazy,transferase	carbohydrate_active=class:GT;cytoplasmic=swissprot:8/9 single-domain 8/9;enzyme=swissprot:8/9 single-domain 8/9;glycosyltransferase=swissprot:9/9 single-domain 9/9;glycosyltransferase_cazy=class:GT;transferase=class:GT
GT35	carbohydrate_active,glycosyltransferase,glycosyltransferase_cazy,transferase	carbohydrate_active=class:GT;glycosyltransferase=swissprot:29/29 single-domain 29/29;glycosyltransferase_cazy=class:GT;transferase=class:GT
GT37	carbohydrate_active,glycosyltransferase_cazy,transferase	carbohydrate_active=class:GT;glycosyltransferase_cazy=class:GT;transferase=class:GT
GT39	carbohydrate_active,glycosyltransferase,glycosyltransferase_cazy,transferase	carbohydrate_active=class:GT;glycosyltransferase=swissprot:17/17 single-domain 17/17;glycosyltransferase_cazy=class:GT;transferase=class:GT
GT4	carbohydrate_active,glycosyltransferase,glycosyltransferase_cazy,transferase	carbohydrate_active=class:GT;glycosyltransferase=swissprot:94/95 single-domain 94/95;glycosyltransferase_cazy=class:GT;transferase=class:GT
GT40	carbohydrate_active,glycosyltransferase_cazy,transferase	carbohydrate_active=class:GT;glycosyltransferase_cazy=class:GT;transferase=class:GT
GT41	carbohydrate_active,glycosyltransferase,glycosyltransferase_cazy,transferase	carbohydrate_active=class:GT;glycosyltransferase=swissprot:8/8 single-domain 8/8;glycosyltransferase_cazy=class:GT;transferase=class:GT
GT43	carbohydrate_active,glycosyltransferase,glycosyltransferase_cazy,transferase	carbohydrate_active=class:GT;glycosyltransferase=swissprot:12/12 single-domain 12/12;glycosyltransferase_cazy=class:GT;transferase=class:GT
GT44	carbohydrate_active,cysteine_protease,glycosyltransferase,glycosyltransferase_cazy,hydrolase,protease,transferase	carbohydrate_active=class:GT;cysteine_protease=swissprot:5/5 single-domain 5/5;glycosyltransferase=swissprot:5/5 single-domain 5/5;glycosyltransferase_cazy=class:GT;hydrolase=swissprot:5/5 single-domain 5/5;protease=swissprot:5/5 single-domain 5/5;transferase=class:GT
GT47	biosynthesis,carbohydrate_active,glycosyltransferase,glycosyltransferase_cazy,transferase	biosynthesis=swissprot:15/17 single-domain 8/9;carbohydrate_active=class:GT;glycosyltransferase=swissprot:17/17 single-domain 9/9;glycosyltransferase_cazy=class:GT;transferase=class:GT
GT48	carbohydrate_active,glycosyltransferase,glycosyltransferase_cazy,transferase	carbohydrate_active=class:GT;glycosyltransferase=swissprot:10/10 single-domain 10/10;glycosyltransferase_cazy=class:GT;transferase=class:GT
GT49	carbohydrate_active,glycosyltransferase_cazy,transferase	carbohydrate_active=class:GT;glycosyltransferase_cazy=class:GT;transferase=class:GT
GT5	carbohydrate_active,glycosyltransferase,glycosyltransferase_cazy,transferase	carbohydrate_active=class:GT;glycosyltransferase=swissprot:31/31 single-domain 28/28;glycosyltransferase_cazy=class:GT;transferase=class:GT
GT50	carbohydrate_active,glycosyltransferase_cazy,transferase	carbohydrate_active=class:GT;glycosyltransferase_cazy=class:GT;transferase=class:GT
GT51	carbohydrate_active,glycosyltransferase,glycosyltransferase_cazy,transferase	carbohydrate_active=class:GT;glycosyltransferase=swissprot:10/10 single-domain 10/10;glycosyltransferase_cazy=class:GT;transferase=class:GT
GT52	carbohydrate_active,glycosyltransferase_cazy,transferase	carbohydrate_active=class:GT;glycosyltransferase_cazy=class:GT;transferase=class:GT
GT53	carbohydrate_active,glycosyltransferase,glycosyltransferase_cazy,transferase	carbohydrate_active=class:GT;glycosyltransferase=swissprot:6/6 single-domain 6/6;glycosyltransferase_cazy=class:GT;transferase=class:GT
GT54	carbohydrate_active,enzyme,glycosyltransferase,glycosyltransferase_cazy,transferase	carbohydrate_active=class:GT;enzyme=swissprot:5/5 single-domain 5/5;glycosyltransferase=swissprot:5/5 single-domain 5/5;glycosyltransferase_cazy=class:GT;transferase=class:GT
GT55	carbohydrate_active,glycosyltransferase_cazy,transferase	carbohydrate_active=class:GT;glycosyltransferase_cazy=class:GT;transferase=class:GT
GT56	carbohydrate_active,glycosyltransferase_cazy,transferase	carbohydrate_active=class:GT;glycosyltransferase_cazy=class:GT;transferase=class:GT
GT57	carbohydrate_active,glycosyltransferase_cazy,transferase	carbohydrate_active=class:GT;glycosyltransferase_cazy=class:GT;transferase=class:GT
GT58	carbohydrate_active,enzyme,glycosyltransferase,glycosyltransferase_cazy,transferase	carbohydrate_active=class:GT;enzyme=swissprot:5/5 single-domain 5/5;glycosyltransferase=swissprot:5/5 single-domain 5/5;glycosyltransferase_cazy=class:GT;transferase=class:GT
GT59	carbohydrate_active,glycosyltransferase_cazy,transferase	carbohydrate_active=class:GT;glycosyltransferase_cazy=class:GT;transferase=class:GT
GT6	carbohydrate_active,glycosyltransferase,glycosyltransferase_cazy,transferase	carbohydrate_active=class:GT;glycosyltransferase=swissprot:10/10 single-domain 10/10;glycosyltransferase_cazy=class:GT;transferase=class:GT
GT60	carbohydrate_active,glycosyltransferase_cazy,transferase	carbohydrate_active=class:GT;glycosyltransferase_cazy=class:GT;transferase=class:GT
GT61	carbohydrate_active,cytoplasmic,enzyme,glycosyltransferase,glycosyltransferase_cazy,transferase	carbohydrate_active=class:GT;cytoplasmic=swissprot:8/9 single-domain 8/9;enzyme=swissprot:8/9 single-domain 8/9;glycosyltransferase=swissprot:9/9 single-domain 9/9;glycosyltransferase_cazy=class:GT;transferase=class:GT
GT62	carbohydrate_active,glycosyltransferase_cazy,transferase	carbohydrate_active=class:GT;glycosyltransferase_cazy=class:GT;transferase=class:GT
GT63	carbohydrate_active,glycosyltransferase_cazy,transferase	carbohydrate_active=class:GT;glycosyltransferase_cazy=class:GT;transferase=class:GT
GT64	carbohydrate_active,enzyme,glycosyltransferase,glycosyltransferase_cazy,transferase	carbohydrate_active=class:GT;enzyme=swissprot:9/11 single-domain 3/3;glycosyltransferase=swissprot:11/11 single-domain 3/3;glycosyltransferase_cazy=class:GT;transferase=class:GT
GT65	carbohydrate_active,glycosyltransferase_cazy,transferase	carbohydrate_active=class:GT;glycosyltransferase_cazy=class:GT;transferase=class:GT
GT66	carbohydrate_active,glycosyltransferase,glycosyltransferase_cazy,transferase	carbohydrate_active=class:GT;glycosyltransferase=swissprot:12/12 single-domain 12/12;glycosyltransferase_cazy=class:GT;transferase=class:GT
GT68	carbohydrate_active,glycosyltransferase_cazy,transferase	carbohydrate_active=class:GT;glycosyltransferase_cazy=class:GT;transferase=class:GT
GT7	carbohydrate_active,enzyme,glycosyltransferase,glycosyltransferase_cazy,transferase	carbohydrate_active=class:GT;enzyme=swissprot:25/29 single-domain 21/25;glycosyltransferase=swissprot:29/29 single-domain 25/25;glycosyltransferase_cazy=class:GT;transferase=class:GT
GT70	carbohydrate_active,glycosyltransferase_cazy,transferase	carbohydrate_active=class:GT;glycosyltransferase_cazy=class:GT;transferase=class:GT
GT71	carbohydrate_active,glycosyltransferase,glycosyltransferase_cazy,transferase	carbohydrate_active=class:GT;glycosyltransferase=swissprot:6/6 single-domain 6/6;glycosyltransferase_cazy=class:GT;transferase=class:GT
GT72	carbohydrate_active,glycosyltransferase_cazy,transferase	carbohydrate_active=class:GT;glycosyltransferase_cazy=class:GT;transferase=class:GT
GT73	carbohydrate_active,glycosyltransferase_cazy,transferase	carbohydrate_active=class:GT;glycosyltransferase_cazy=class:GT;transferase=class:GT
GT74	carbohydrate_active,glycosyltransferase_cazy,transferase	carbohydrate_active=class:GT;glycosyltransferase_cazy=class:GT;transferase=class:GT
GT75	carbohydrate_active,glycosyltransferase_cazy,transferase	carbohydrate_active=class:GT;glycosyltransferase_cazy=class:GT;transferase=class:GT
GT76	carbohydrate_active,glycosyltransferase_cazy,transferase	carbohydrate_active=class:GT;glycosyltransferase_cazy=class:GT;transferase=class:GT
GT77	carbohydrate_active,cytoplasmic,glycosyltransferase,glycosyltransferase_cazy,transferase	carbohydrate_active=class:GT;cytoplasmic=swissprot:9/11 single-domain 9/11;glycosyltransferase=swissprot:10/11 single-domain 10/11;glycosyltransferase_cazy=class:GT;transferase=class:GT
GT78	carbohydrate_active,glycosyltransferase_cazy,transferase	carbohydrate_active=class:GT;glycosyltransferase_cazy=class:GT;transferase=class:GT
GT8	carbohydrate_active,enzyme,glycosyltransferase,glycosyltransferase_cazy,transferase	carbohydrate_active=class:GT;enzyme=swissprot:26/32 single-domain 25/28;glycosyltransferase=swissprot:28/32 single-domain 26/28;glycosyltransferase_cazy=class:GT;transferase=class:GT
GT80	carbohydrate_active,glycosyltransferase_cazy,transferase	carbohydrate_active=class:GT;glycosyltransferase_cazy=class:GT;transferase=class:GT
GT81	carbohydrate_active,glycosyltransferase,glycosyltransferase_cazy,transferase	carbohydrate_active=class:GT;glycosyltransferase=swissprot:8/8 single-domain 8/8;glycosyltransferase_cazy=class:GT;transferase=class:GT
GT83	carbohydrate_active,glycosyltransferase,glycosyltransferase_cazy,transferase	carbohydrate_active=class:GT;glycosyltransferase=swissprot:5/5 single-domain 5/5;glycosyltransferase_cazy=class:GT;transferase=class:GT
GT85	carbohydrate_active,glycosyltransferase_cazy,transferase	carbohydrate_active=class:GT;glycosyltransferase_cazy=class:GT;transferase=class:GT
GT87	carbohydrate_active,glycosyltransferase_cazy,transferase	carbohydrate_active=class:GT;glycosyltransferase_cazy=class:GT;transferase=class:GT
GT89	carbohydrate_active,glycosyltransferase_cazy,transferase	carbohydrate_active=class:GT;glycosyltransferase_cazy=class:GT;transferase=class:GT
GT9	carbohydrate_active,glycosyltransferase_cazy,transferase	carbohydrate_active=class:GT;glycosyltransferase_cazy=class:GT;transferase=class:GT
GT90	carbohydrate_active,glycosyltransferase_cazy,transferase	carbohydrate_active=class:GT;glycosyltransferase_cazy=class:GT;transferase=class:GT
GT91	carbohydrate_active,glycosyltransferase,glycosyltransferase_cazy,transferase	carbohydrate_active=class:GT;glycosyltransferase=swissprot:9/9 single-domain 9/9;glycosyltransferase_cazy=class:GT;transferase=class:GT
GT92	carbohydrate_active,glycosyltransferase_cazy,transferase	carbohydrate_active=class:GT;glycosyltransferase_cazy=class:GT;transferase=class:GT
GT94	carbohydrate_active,glycosyltransferase_cazy,transferase	carbohydrate_active=class:GT;glycosyltransferase_cazy=class:GT;transferase=class:GT
GT95	carbohydrate_active,glycosyltransferase_cazy,transferase	carbohydrate_active=class:GT;glycosyltransferase_cazy=class:GT;transferase=class:GT
GT96	carbohydrate_active,glycosyltransferase_cazy,transferase	carbohydrate_active=class:GT;glycosyltransferase_cazy=class:GT;transferase=class:GT
GT98	carbohydrate_active,glycosyltransferase_cazy,transferase	carbohydrate_active=class:GT;glycosyltransferase_cazy=class:GT;transferase=class:GT
PL1	carbohydrate_active,lyase,pectinase,polysaccharide_lyase	carbohydrate_active=class:PL;lyase=class:PL;pectinase=swissprot:39/42 single-domain 39/42;polysaccharide_lyase=class:PL
PL10	carbohydrate_active,lyase,polysaccharide_lyase	carbohydrate_active=class:PL;lyase=class:PL;polysaccharide_lyase=class:PL
PL11	carbohydrate_active,lyase,polysaccharide_lyase	carbohydrate_active=class:PL;lyase=class:PL;polysaccharide_lyase=class:PL
PL12	carbohydrate_active,lyase,polysaccharide_lyase	carbohydrate_active=class:PL;lyase=class:PL;polysaccharide_lyase=class:PL
PL13	carbohydrate_active,lyase,polysaccharide_lyase	carbohydrate_active=class:PL;lyase=class:PL;polysaccharide_lyase=class:PL
PL14	carbohydrate_active,lyase,polysaccharide_lyase	carbohydrate_active=class:PL;lyase=class:PL;polysaccharide_lyase=class:PL
PL15	carbohydrate_active,lyase,polysaccharide_lyase	carbohydrate_active=class:PL;lyase=class:PL;polysaccharide_lyase=class:PL
PL16	carbohydrate_active,lyase,polysaccharide_lyase	carbohydrate_active=class:PL;lyase=class:PL;polysaccharide_lyase=class:PL
PL17	carbohydrate_active,lyase,polysaccharide_lyase	carbohydrate_active=class:PL;lyase=class:PL;polysaccharide_lyase=class:PL
PL18	carbohydrate_active,lyase,polysaccharide_lyase	carbohydrate_active=class:PL;lyase=class:PL;polysaccharide_lyase=class:PL
PL2	carbohydrate_active,lyase,polysaccharide_lyase	carbohydrate_active=class:PL;lyase=class:PL;polysaccharide_lyase=class:PL
PL21	carbohydrate_active,lyase,polysaccharide_lyase	carbohydrate_active=class:PL;lyase=class:PL;polysaccharide_lyase=class:PL
PL22	carbohydrate_active,lyase,polysaccharide_lyase	carbohydrate_active=class:PL;lyase=class:PL;polysaccharide_lyase=class:PL
PL23	carbohydrate_active,lyase,polysaccharide_lyase	carbohydrate_active=class:PL;lyase=class:PL;polysaccharide_lyase=class:PL
PL24	carbohydrate_active,lyase,polysaccharide_lyase	carbohydrate_active=class:PL;lyase=class:PL;polysaccharide_lyase=class:PL
PL25	carbohydrate_active,lyase,polysaccharide_lyase	carbohydrate_active=class:PL;lyase=class:PL;polysaccharide_lyase=class:PL
PL28	carbohydrate_active,lyase,polysaccharide_lyase	carbohydrate_active=class:PL;lyase=class:PL;polysaccharide_lyase=class:PL
PL3	carbohydrate_active,lyase,pectinase,polysaccharide_lyase	carbohydrate_active=class:PL;lyase=class:PL;pectinase=swissprot:6/6 single-domain 6/6;polysaccharide_lyase=class:PL
PL37	carbohydrate_active,lyase,polysaccharide_lyase	carbohydrate_active=class:PL;lyase=class:PL;polysaccharide_lyase=class:PL
PL4	carbohydrate_active,lyase,polysaccharide_lyase	carbohydrate_active=class:PL;lyase=class:PL;polysaccharide_lyase=class:PL
PL40	carbohydrate_active,lyase,polysaccharide_lyase	carbohydrate_active=class:PL;lyase=class:PL;polysaccharide_lyase=class:PL
PL42	carbohydrate_active,lyase,polysaccharide_lyase	carbohydrate_active=class:PL;lyase=class:PL;polysaccharide_lyase=class:PL
PL5	carbohydrate_active,lyase,polysaccharide_lyase	carbohydrate_active=class:PL;lyase=class:PL;polysaccharide_lyase=class:PL
PL6	carbohydrate_active,lyase,polysaccharide_lyase	carbohydrate_active=class:PL;lyase=class:PL;polysaccharide_lyase=class:PL
PL7	carbohydrate_active,lyase,polysaccharide_lyase	carbohydrate_active=class:PL;lyase=class:PL;polysaccharide_lyase=class:PL
PL8	carbohydrate_active,lyase,polysaccharide_lyase	carbohydrate_active=class:PL;lyase=class:PL;polysaccharide_lyase=class:PL
PL9	carbohydrate_active,lyase,polysaccharide_lyase	carbohydrate_active=class:PL;lyase=class:PL;polysaccharide_lyase=class:PL
